Pixel_ID;Row;Col;Area;B1(Coastal Aerosol (B1));B2(Blue (B2));B3(Green (B3));B4(Red (B4));B5(RE1 (B5));B6(RE2 (B6));B7(RE3 (B7));B8(NIR (B8));B9(RE4 (B8A));B10(Water Vapor (B9));B11(SWIR1 (B11));B12(SWIR2 (B12));B13(NDVI);B14(MNDWI);B15(NDWI);B16(EVI);B17(SABI);B18(GNDVI);B19(NDAVI);B20(AWEI);B21(BATHYMETRY);Label;Kategori_Detail;Kategori
1197;10;76;Lainnya;0.11959999799728394;0.12060000002384186;0.1356000006198883;0.10159999877214432;0.1014999970793724;0.08299999684095383;0.08569999784231186;0.07440000027418137;0.08799999952316284;0.062300000339746475;0.08389999717473984;0.07999999821186066;-0.1361607313156128;0.2578504979610443;0.31301936507225037;-0.07780370861291885;-0.0997798964381218;-0.31301936507225037;-0.2674897313117981;-0.005400011315941811;0.8845338225364685;1;Lamun;Lamun
5157;46;4;Lainnya;0.13519999384880066;0.10859999805688858;0.11779999732971191;0.10639999806880951;0.11500000208616257;0.09459999948740005;0.09889999777078629;0.08240000158548355;0.0957999974489212;0.07800000160932541;0.09000000357627869;0.08349999785423279;-0.12973201274871826;0.2353440821170807;0.25236865878105164;-0.06000259891152382;-0.0943271741271019;-0.25236865878105164;-0.19999998807907104;-0.029724998399615288;0.9084157943725586;1;Lamun;Lamun
3266;29;17;Lainnya;0.17409999668598175;0.12620000541210175;0.14880000054836273;0.09839999675750732;0.10970000177621841;0.07109999656677246;0.07270000129938126;0.06549999862909317;0.07289999723434448;0.09799999743700027;0.06960000097751617;0.06639999896287918;-0.18985775113105774;0.33208081126213074;0.35823753476142883;-0.08566201478242874;-0.11561117321252823;-0.35823753476142883;-0.28725701570510864;0.08572498708963394;0.8268591165542603;1;Lamun;Lamun
4597;41;4;Lainnya;0.10930000245571136;0.10480000078678131;0.1136000007390976;0.07689999788999557;0.09510000050067902;0.07660000026226044;0.07769999653100967;0.06970000267028809;0.08020000159740448;0.10170000046491623;0.07329999655485153;0.06369999796152115;-0.10598571598529816;0.22474883496761322;0.24740876257419586;-0.050709933042526245;-0.07182066887617111;-0.24740876257419586;-0.1919698566198349;-0.03059999831020832;0.8866666555404663;1;Lamun;Lamun
2164;19;35;Lainnya;0.2013999968767166;0.10980000346899033;0.11940000206232071;0.08640000224113464;0.10769999772310257;0.0763000026345253;0.07779999822378159;0.06589999794960022;0.07320000231266022;0.1754000037908554;0.06889999657869339;0.06379999965429306;-0.12950600683689117;0.26270735263824463;0.24634656310081482;-0.06472708284854889;-0.08613447099924088;-0.24634656310081482;-0.1917659491300583;0.008050011470913887;0.8619403839111328;1;Lamun;Lamun
2163;19;34;Lainnya;0.2013999968767166;0.10859999805688858;0.12120000272989273;0.08789999783039093;0.1242000013589859;0.07980000227689743;0.08410000056028366;0.06279999762773514;0.07599999755620956;0.1754000037908554;0.07029999792575836;0.06549999862909317;-0.1626666933298111;0.26425957679748535;0.2639344334602356;-0.07906676083803177;-0.1146874874830246;-0.2639344334602356;-0.19964349269866943;0.005625016987323761;0.8617157340049744;1;Lamun;Lamun
1309;11;76;Lainnya;0.11959999799728394;0.10639999806880951;0.12240000069141388;0.09399999678134918;0.1014999970793724;0.08299999684095383;0.08569999784231186;0.0706000030040741;0.08799999952316284;0.062300000339746475;0.08389999717473984;0.07999999821186066;-0.11390133202075958;0.20294708013534546;0.27738264203071594;-0.060939256101846695;-0.08633093535900116;-0.27738264203071594;-0.2177068144083023;-0.060450006276369095;0.8806887865066528;1;Lamun;Lamun
4932;44;3;Lainnya;0.1307000070810318;0.11800000071525574;0.1306000053882599;0.08860000222921371;0.093299999833107;0.08049999922513962;0.09210000187158585;0.06360000371932983;0.0949999988079071;0.094200000166893;0.07840000092983246;0.07919999957084656;-0.13990461826324463;0.24598269164562225;0.2829868495464325;-0.08966244012117386;-0.09563202410936356;-0.2829868495464325;-0.23976606130599976;-0.020200001075863838;0.9076781868934631;1;Lamun;Lamun
4485;40;4;Lainnya;0.10930000245571136;0.10419999808073044;0.11400000005960464;0.08579999953508377;0.09510000050067902;0.07660000026226044;0.07769999653100967;0.0706000030040741;0.08020000159740448;0.10170000046491623;0.07329999655485153;0.06369999796152115;-0.08830949664115906;0.2172984778881073;0.21572212874889374;-0.047084178775548935;-0.07004668563604355;-0.21572212874889374;-0.17616578936576843;-0.028099989518523216;0.8841642141342163;1;Lamun;Lamun
3379;30;18;Lainnya;0.15649999678134918;0.11699999868869781;0.12620000541210175;0.0885000005364418;0.09520000219345093;0.06809999793767929;0.07190000265836716;0.06499999761581421;0.07069999724626541;0.09390000253915787;0.06849999725818634;0.06669999659061432;-0.1515151560306549;0.2555331885814667;0.28082191944122314;-0.07419725507497787;-0.09911361336708069;-0.28082191944122314;-0.21836227178573608;-0.006449991371482611;0.8601554036140442;1;Lamun;Lamun
1511;13;54;Lainnya;0.17560000717639923;0.09239999949932098;0.10140000283718109;0.07680000364780426;0.09759999811649323;0.08500000089406967;0.08889999985694885;0.06840000301599503;0.08950000256299973;0.14329999685287476;0.06419999897480011;0.06030000001192093;-0.12583766877651215;0.19980458915233612;0.24695317447185516;-0.04253583773970604;-0.09255202114582062;-0.24695317447185516;-0.1763405054807663;-0.06347500532865524;0.875453531742096;1;Lamun;Lamun
1399;12;54;Lainnya;0.17560000717639923;0.10100000351667404;0.1088000014424324;0.08100000023841858;0.09759999811649323;0.08500000089406967;0.08889999985694885;0.07800000160932541;0.08950000256299973;0.14329999685287476;0.06419999897480011;0.06030000001192093;-0.12970712780952454;0.25656378269195557;0.27147766947746277;-0.053423721343278885;-0.10044217854738235;-0.27147766947746277;-0.18324610590934753;-0.005700007081031799;0.8661825656890869;1;Lamun;Lamun
1512;13;55;Lainnya;0.1535000056028366;0.09740000218153;0.10499999672174454;0.07999999821186066;0.10779999941587448;0.08829999715089798;0.09099999815225601;0.07240000367164612;0.09030000120401382;0.1054999977350235;0.08160000294446945;0.07580000162124634;-0.1168048307299614;0.23452158272266388;0.25939175486564636;-0.04732988029718399;-0.09416381269693375;-0.25939175486564636;-0.185262069106102;-0.027649976313114166;0.8562368154525757;1;Lamun;Lamun
3155;28;18;Lainnya;0.15649999678134918;0.12319999933242798;0.1444000005722046;0.09380000084638596;0.10090000182390213;0.06830000132322311;0.06920000165700912;0.06549999862909317;0.07090000063180923;0.09390000253915787;0.06830000132322311;0.06639999896287918;-0.1755821406841278;0.3339834213256836;0.3187347948551178;-0.08492308109998703;-0.11064087599515915;-0.3187347948551178;-0.2723146975040436;0.07602498680353165;0.8635703921318054;1;Lamun;Lamun
3826;34;17;Lainnya;0.11169999837875366;0.1136000007390976;0.1225999966263771;0.08799999952316284;0.08829999715089798;0.07069999724626541;0.07109999656677246;0.066600002348423;0.0714000016450882;0.06960000097751617;0.07090000063180923;0.06939999759197235;-0.1362169086933136;0.2309523969888687;0.2670156955718994;-0.053363680839538574;-0.09637487679719925;-0.2670156955718994;-0.18995289504528046;-0.017949994653463364;0.8668516278266907;1;Lamun;Lamun
4386;39;17;Lainnya;0.1160999983549118;0.11479999870061874;0.12680000066757202;0.09790000319480896;0.10289999842643738;0.09269999712705612;0.09390000253915787;0.07100000232458115;0.09470000118017197;0.0731000006198883;0.08959999680519104;0.07919999957084656;-0.15926583111286163;0.23873119056224823;0.28217825293540955;-0.07527490705251694;-0.1066126823425293;-0.28217825293540955;-0.24183006584644318;-0.02417502924799919;0.9047619104385376;1;Lamun;Lamun
4260;38;3;Lainnya;0.11550000309944153;0.14499999582767487;0.16500000655651093;0.10400000214576721;0.10419999808073044;0.08889999985694885;0.0835999995470047;0.0738999992609024;0.08799999952316284;0.11169999837875366;0.07609999924898148;0.06859999895095825;-0.17069368064403534;0.3589088022708893;0.36044999957084656;-0.13540337979793549;-0.1083640307188034;-0.36044999957084656;-0.3064289093017578;0.11442501842975616;0.8448616862297058;1;Lamun;Lamun
5044;45;3;Lainnya;0.1307000070810318;0.10819999873638153;0.11819999665021896;0.08579999953508377;0.093299999833107;0.08049999922513962;0.09210000187158585;0.06560000032186508;0.0949999988079071;0.094200000166893;0.07840000092983246;0.07919999957084656;-0.1374407410621643;0.2527562379837036;0.2826087176799774;-0.07751423865556717;-0.09358466416597366;-0.2826087176799774;-0.2539130449295044;-0.011724971234798431;0.9146341681480408;1;Lamun;Lamun
861;7;76;Lainnya;0.15219999849796295;0.1632000058889389;0.19699999690055847;0.133200004696846;0.14169999957084656;0.09319999814033508;0.10019999742507935;0.07999999821186066;0.09510000050067902;0.1071000024676323;0.08789999783039093;0.08209999650716782;-0.24873828887939453;0.41262948513031006;0.4223826825618744;-0.15942664444446564;-0.14551423490047455;-0.4223826825618744;-0.35379648208618164;0.18982499837875366;0.8590717315673828;1;Lamun;Lamun
750;6;77;Lainnya;0.15219999849796295;0.15700000524520874;0.20260000228881836;0.15160000324249268;0.1453000009059906;0.09319999814033508;0.10019999742507935;0.08299999684095383;0.09390000253915787;0.1071000024676323;0.08810000121593475;0.08160000294446945;-0.2902717888355255;0.4236559569835663;0.43766939640045166;-0.20805616676807404;-0.1668367236852646;-0.43766939640045166;-0.35947713255882263;0.1723250299692154;0.8612354397773743;1;Lamun;Lamun
2070;18;53;Lainnya;0.1006999984383583;0.09440000355243683;0.10100000351667404;0.0763000026345253;0.07750000059604645;0.05810000002384186;0.06270000338554382;0.05719999969005585;0.05990000069141388;0.06809999793767929;0.06210000067949295;0.06129999831318855;-0.13827994465827942;0.1756601482629776;0.2724968492984772;-0.05047469586133957;-0.0894545391201973;-0.2724968492984772;-0.2179836630821228;-0.027250001206994057;0.9049180150032043;1;Lamun;Lamun
1551;13;94;Lainnya;0.12049999833106995;0.10920000076293945;0.11819999665021896;0.09220000356435776;0.09880000352859497;0.07900000363588333;0.0851999968290329;0.066600002348423;0.0835999995470047;0.06419999897480011;0.08100000023841858;0.07680000364780426;-0.1612090766429901;0.23368023335933685;0.29108911752700806;-0.07243245095014572;-0.11193526536226273;-0.29108911752700806;-0.24232804775238037;-0.021549979224801064;0.914218544960022;1;Lamun;Lamun
2725;24;36;Lainnya;0.10890000313520432;0.09709999710321426;0.10520000010728836;0.07850000262260437;0.08160000294446945;0.061400000005960464;0.06289999932050705;0.05460000038146973;0.0625;0.07119999825954437;0.06279999762773514;0.060600001364946365;-0.14457829296588898;0.2576832175254822;0.28907328844070435;-0.06781785190105438;-0.09886713325977325;-0.28907328844070435;-0.21125319600105286;-0.006649995222687721;0.8464819192886353;1;Lamun;Lamun
4274;38;17;Lainnya;0.1160999983549118;0.11379999667406082;0.12319999933242798;0.08789999783039093;0.10289999842643738;0.09269999712705612;0.09390000253915787;0.060499999672174454;0.09470000118017197;0.0731000006198883;0.08959999680519104;0.07919999957084656;-0.1595330685377121;0.25672370195388794;0.31479141116142273;-0.08348137140274048;-0.10773710161447525;-0.31479141116142273;-0.2649056613445282;-0.0016999933868646622;0.9030172228813171;1;Lamun;Lamun
3378;30;17;Lainnya;0.17409999668598175;0.11299999803304672;0.12680000066757202;0.09000000357627869;0.09520000219345093;0.06750000268220901;0.07119999825954437;0.0658000037074089;0.07069999724626541;0.09799999743700027;0.07050000131130219;0.0674000009894371;-0.14880332350730896;0.28242677450180054;0.2732681632041931;-0.06355205178260803;-0.09460081905126572;-0.2732681632041931;-0.21503756940364838;0.020199984312057495;0.8576233386993408;1;Lamun;Lamun
4261;38;4;Lainnya;0.11550000309944153;0.1234000027179718;0.13019999861717224;0.09260000288486481;0.10419999808073044;0.08079999685287476;0.08100000023841858;0.0706000030040741;0.08529999852180481;0.11169999837875366;0.07609999924898148;0.06560000032186508;-0.12510783970355988;0.2743362784385681;0.2983606457710266;-0.0759521946310997;-0.0828804224729538;-0.2983606457710266;-0.2520325481891632;0.022599996998906136;0.8890649676322937;1;Lamun;Lamun
3939;35;18;Lainnya;0.11230000108480453;0.11079999804496765;0.11980000138282776;0.08540000021457672;0.08649999648332596;0.07010000199079514;0.07090000063180923;0.06310000270605087;0.06989999860525131;0.07360000163316727;0.07090000063180923;0.06880000233650208;-0.152451291680336;0.2485426515340805;0.2818182110786438;-0.06156715750694275;-0.09657949209213257;-0.2818182110786438;-0.22520853579044342;-0.010749990120530128;0.8598726391792297;1;Lamun;Lamun
3491;31;18;Lainnya;0.15649999678134918;0.10140000283718109;0.1088000014424324;0.08299999684095383;0.09520000219345093;0.06809999793767929;0.07190000265836716;0.061400000005960464;0.07069999724626541;0.09390000253915787;0.06849999725818634;0.06669999659061432;-0.13621263206005096;0.2163543552160263;0.26232391595840454;-0.05897173285484314;-0.09924241155385971;-0.26232391595840454;-0.17600783705711365;-0.03160000219941139;0.8129496574401855;1;Lamun;Lamun
2071;18;54;Lainnya;0.10090000182390213;0.09099999815225601;0.09839999675750732;0.07199999690055847;0.07750000059604645;0.060499999672174454;0.06549999862909317;0.05480000004172325;0.06689999997615814;0.06809999793767929;0.06210000067949295;0.06199999898672104;-0.13153725862503052;0.1774010956287384;0.2922705411911011;-0.051151636987924576;-0.08936484158039093;-0.2922705411911011;-0.21657751500606537;-0.0541749969124794;0.8802816867828369;1;Lamun;Lamun
1105;9;96;Lainnya;0.120899997651577;0.10620000213384628;0.11900000274181366;0.09120000153779984;0.10300000011920929;0.08299999684095383;0.08470000326633453;0.0697999969124794;0.08489999920129776;0.08110000193119049;0.08110000193119049;0.07760000228881836;-0.1255195289850235;0.19119803607463837;0.270886093378067;-0.04739189147949219;-0.0915178656578064;-0.270886093378067;-0.20681820809841156;-0.07802501320838928;0.895671546459198;1;Lamun;Lamun
1643;14;74;Lainnya;0.11959999799728394;0.11540000140666962;0.13019999861717224;0.0966000035405159;0.09849999845027924;0.08070000261068344;0.08320000022649765;0.06840000301599503;0.08619999885559082;0.062199998646974564;0.08129999786615372;0.07840000092983246;-0.12752453982830048;0.23862577974796295;0.3111782371997833;-0.06946815550327301;-0.0949820876121521;-0.3111782371997833;-0.25571271777153015;-0.031375039368867874;0.9048507809638977;1;Lamun;Lamun
2276;20;35;Lainnya;0.13979999721050262;0.10419999808073044;0.1103999987244606;0.08399999886751175;0.09229999780654907;0.06589999794960022;0.0674000009894371;0.07400000095367432;0.06909999996423721;0.11990000307559967;0.06530000269412994;0.060499999672174454;-0.0779467448592186;0.24637682735919952;0.18760468065738678;-0.03893538564443588;-0.05890802666544914;-0.18760468065738678;-0.16595011949539185;-0.011549987830221653;0.9142857193946838;1;Lamun;Lamun
4596;41;3;Lainnya;0.10930000245571136;0.1096000000834465;0.1136000007390976;0.08250000327825546;0.09510000050067902;0.07660000026226044;0.07769999653100967;0.06809999793767929;0.08020000159740448;0.10170000046491623;0.07329999655485153;0.06520000100135803;-0.10397297888994217;0.21298354864120483;0.23831140995025635;-0.051435064524412155;-0.07645631581544876;-0.23831140995025635;-0.1849624067544937;-0.03730000555515289;0.8908145427703857;1;Lamun;Lamun
1958;17;53;Lainnya;0.1006999984383583;0.08659999817609787;0.09070000052452087;0.06539999693632126;0.07419999688863754;0.05900000035762787;0.06120000034570694;0.05260000005364418;0.060499999672174454;0.06809999793767929;0.06069999933242798;0.05460000038146973;-0.14370372891426086;0.20958901941776276;0.26416295766830444;-0.04565490037202835;-0.0992424264550209;-0.26416295766830444;-0.21145975589752197;-0.03947499021887779;0.8853439688682556;1;Lamun;Lamun
862;7;77;Lainnya;0.15219999849796295;0.16380000114440918;0.19660000503063202;0.13500000536441803;0.1453000009059906;0.09319999814033508;0.10019999742507935;0.08160000294446945;0.09390000253915787;0.1071000024676323;0.08810000121593475;0.08160000294446945;-0.22127985954284668;0.4120769500732422;0.4133716821670532;-0.1588640660047531;-0.13885089755058289;-0.4133716821670532;-0.34980079531669617;0.1878250241279602;0.8568755984306335;1;Lamun;Lamun
4820;43;3;Lainnya;0.10930000245571136;0.11420000344514847;0.12559999525547028;0.08749999850988388;0.09390000253915787;0.0722000002861023;0.0746999979019165;0.06700000166893005;0.07280000299215317;0.10170000046491623;0.06920000165700912;0.06520000100135803;-0.12520869076251984;0.24466750025749207;0.2567567527294159;-0.06006444990634918;-0.09161677956581116;-0.2567567527294159;-0.20505869388580322;-0.011049976572394371;0.871921181678772;1;Lamun;Lamun
3061;27;36;Lainnya;0.09870000183582306;0.08940000087022781;0.09300000220537186;0.07599999755620956;0.0803999975323677;0.0617000013589859;0.06319999694824219;0.05559999868273735;0.06239999830722809;0.06610000133514404;0.06430000066757202;0.062199998646974564;-0.12663757801055908;0.18675827980041504;0.2516824007034302;-0.04516659304499626;-0.08895707130432129;-0.2516824007034302;-0.22027292847633362;-0.0653499960899353;0.9068782925605774;1;Lamun;Lamun
2500;22;35;Lainnya;0.10890000313520432;0.10499999672174454;0.1136000007390976;0.08349999785423279;0.09030000120401382;0.06080000102519989;0.06440000236034393;0.055399999022483826;0.06430000066757202;0.07720000296831131;0.06199999898672104;0.05900000035762787;-0.1563909649848938;0.28899085521698;0.3027140200138092;-0.06524981558322906;-0.11646727472543716;-0.3027140200138092;-0.20740392804145813;0.020624998956918716;0.8640350699424744;1;Lamun;Lamun
1216;10;95;Lainnya;0.12049999833106995;0.11500000208616257;0.13099999725818634;0.09929999709129333;0.10490000247955322;0.08299999684095383;0.08470000326633453;0.07039999961853027;0.08489999920129776;0.06419999897480011;0.08269999921321869;0.07890000194311142;-0.1173633262515068;0.22693726420402527;0.30089372396469116;-0.06015891581773758;-0.0864928811788559;-0.30089372396469116;-0.24056096374988556;-0.04072500020265579;0.880821943283081;1;Lamun;Lamun
3267;29;18;Lainnya;0.15649999678134918;0.11240000277757645;0.12939999997615814;0.09350000321865082;0.10090000182390213;0.06830000132322311;0.06920000165700912;0.065700002014637;0.07090000063180923;0.09390000253915787;0.06830000132322311;0.06639999896287918;-0.14960628747940063;0.26698264479637146;0.29250603914260864;-0.07366379350423813;-0.10430008172988892;-0.29250603914260864;-0.2078239619731903;0.009200023487210274;0.8619632124900818;1;Lamun;Lamun
1644;14;75;Lainnya;0.11959999799728394;0.11779999732971191;0.12919999659061432;0.0949999988079071;0.0982000008225441;0.08020000159740448;0.08540000021457672;0.06889999657869339;0.08540000021457672;0.062199998646974564;0.08169999718666077;0.07930000126361847;-0.16765648126602173;0.2421441525220871;0.3043917417526245;-0.07727929204702377;-0.10524194687604904;-0.3043917417526245;-0.27272728085517883;-0.026875032112002373;0.9232643246650696;1;Lamun;Lamun
2836;25;35;Lainnya;0.10890000313520432;0.09099999815225601;0.09700000286102295;0.07479999959468842;0.08209999650716782;0.06199999898672104;0.06310000270605087;0.055799998342990875;0.06480000168085098;0.07720000296831131;0.06279999762773514;0.0608999989926815;-0.12376781553030014;0.21653299033641815;0.22779926657676697;-0.05304604768753052;-0.08475955575704575;-0.22779926657676697;-0.1794871985912323;-0.04315000772476196;0.8635793924331665;1;Lamun;Lamun
2388;21;35;Lainnya;0.13979999721050262;0.10279999673366547;0.10899999737739563;0.08079999685287476;0.09229999780654907;0.06589999794960022;0.0674000009894371;0.06239999830722809;0.06909999996423721;0.11990000307559967;0.06530000269412994;0.060499999672174454;-0.09302326291799545;0.24552279710769653;0.20515023171901703;-0.046618733555078506;-0.07190511375665665;-0.20515023171901703;-0.15647481381893158;-0.011675012297928333;0.8719052672386169;1;Lamun;Lamun
992;8;95;Lainnya;0.120899997651577;0.10939999669790268;0.12439999729394913;0.09120000153779984;0.10019999742507935;0.07859999686479568;0.08429999649524689;0.06889999657869339;0.08259999752044678;0.0771000012755394;0.07970000058412552;0.07680000364780426;-0.15498940646648407;0.2280871719121933;0.2631579041481018;-0.053926631808280945;-0.10744680464267731;-0.2631579041481018;-0.2138228863477707;-0.0400250107049942;0.8793362975120544;1;Lamun;Lamun
4484;40;3;Lainnya;0.10930000245571136;0.11100000143051147;0.12380000203847885;0.09260000288486481;0.09510000050067902;0.07660000026226044;0.07769999653100967;0.07199999690055847;0.08020000159740448;0.10170000046491623;0.07329999655485153;0.06520000100135803;-0.08609272539615631;0.22673659026622772;0.23700444400310516;-0.05161445215344429;-0.06484892964363098;-0.23700444400310516;-0.1901012659072876;-0.022774990648031235;0.8860759139060974;1;Lamun;Lamun
3827;34;18;Lainnya;0.11230000108480453;0.11180000007152557;0.12039999663829803;0.08669999986886978;0.08649999648332596;0.07010000199079514;0.07090000063180923;0.06539999693632126;0.06989999860525131;0.07360000163316727;0.07090000063180923;0.06880000233650208;-0.1473272740840912;0.2587558627128601;0.2773480713367462;-0.04984929412603378;-0.09698996692895889;-0.2773480713367462;-0.21410579979419708;-0.007550021633505821;0.8561484813690186;1;Lamun;Lamun
1531;13;74;Lainnya;0.11959999799728394;0.11479999870061874;0.12999999523162842;0.09399999678134918;0.09889999777078629;0.07970000058412552;0.08460000157356262;0.06889999657869339;0.08340000361204147;0.062300000339746475;0.08079999685287476;0.07779999822378159;-0.1540822684764862;0.26007330417633057;0.3326876759529114;-0.07411858439445496;-0.09949123859405518;-0.3326876759529114;-0.29514068365097046;-0.00397496297955513;0.8980228900909424;1;Lamun;Lamun
5156;46;3;Lainnya;0.13519999384880066;0.10559999942779541;0.1143999993801117;0.10159999877214432;0.11410000175237656;0.09480000287294388;0.09989999979734421;0.08640000224113464;0.09839999675750732;0.07800000160932541;0.09000000357627869;0.08590000122785568;-0.12913906574249268;0.23922227323055267;0.24712885916233063;-0.054574258625507355;-0.09415121376514435;-0.24712885916233063;-0.21438084542751312;-0.03195004537701607;0.9126875400543213;1;Lamun;Lamun
2948;26;35;Lainnya;0.0989999994635582;0.08720000088214874;0.09130000323057175;0.0729999989271164;0.07930000126361847;0.0617000013589859;0.06319999694824219;0.05790000036358833;0.06400000303983688;0.06610000133514404;0.06430000066757202;0.06310000270605087;-0.09999999403953552;0.1729903519153595;0.22386060655117035;-0.04438365623354912;-0.08115419000387192;-0.22386060655117035;-0.18037517368793488;-0.08042500168085098;0.8862404823303223;1;Lamun;Lamun
1959;17;54;Lainnya;0.10090000182390213;0.08089999854564667;0.0860000029206276;0.06319999694824219;0.07509999722242355;0.05889999866485596;0.06120000034570694;0.05079999938607216;0.061000000685453415;0.06809999793767929;0.06069999933242798;0.05460000038146973;-0.11775698512792587;0.1961057335138321;0.268176406621933;-0.04861944913864136;-0.0832335576415062;-0.268176406621933;-0.22854973375797272;-0.048949986696243286;0.8836291432380676;1;Lamun;Lamun
2275;20;34;Lainnya;0.13979999721050262;0.09380000084638596;0.10379999876022339;0.08020000159740448;0.093299999833107;0.06639999896287918;0.0674000009894371;0.06319999694824219;0.06909999996423721;0.11990000307559967;0.06669999659061432;0.061000000685453415;-0.11699165403842926;0.21759532392024994;0.23049956560134888;-0.04791702330112457;-0.08794327080249786;-0.23049956560134888;-0.1395881175994873;-0.03414999321103096;0.8528302311897278;1;Lamun;Lamun
2949;26;36;Lainnya;0.09870000183582306;0.09070000052452087;0.09510000050067902;0.07500000298023224;0.0803999975323677;0.0617000013589859;0.06319999694824219;0.0575999990105629;0.06239999830722809;0.06610000133514404;0.06430000066757202;0.062199998646974564;-0.11180122941732407;0.1967921257019043;0.24232085049152374;-0.04545962065458298;-0.0862453430891037;-0.24232085049152374;-0.1994401514530182;-0.0581749826669693;0.891779363155365;1;Lamun;Lamun
1196;10;75;Lainnya;0.11959999799728394;0.12620000541210175;0.1395999938249588;0.10159999877214432;0.1014999970793724;0.08299999684095383;0.08569999784231186;0.07199999690055847;0.08799999952316284;0.062300000339746475;0.08330000191926956;0.07959999889135361;-0.14350028336048126;0.29228174686431885;0.36056840419769287;-0.08131419122219086;-0.10026859492063522;-0.36056840419769287;-0.2996109127998352;0.03920001909136772;0.8729507923126221;1;Lamun;Lamun
993;8;96;Lainnya;0.120899997651577;0.10580000281333923;0.12139999866485596;0.09019999951124191;0.10019999742507935;0.07859999686479568;0.08429999649524689;0.0681999996304512;0.08259999752044678;0.08110000193119049;0.07970000058412552;0.07680000364780426;-0.12671031057834625;0.21906593441963196;0.26600000262260437;-0.052392784506082535;-0.09017782658338547;-0.26600000262260437;-0.20951303839683533;-0.04975002259016037;0.8792535662651062;1;Lamun;Lamun
1217;10;96;Lainnya;0.09860000014305115;0.10580000281333923;0.11999999731779099;0.09679999947547913;0.10490000247955322;0.08299999684095383;0.08470000326633453;0.06939999759197235;0.08489999920129776;0.06419999897480011;0.08219999819993973;0.07840000092983246;-0.10837440937757492;0.22229507565498352;0.23203285038471222;-0.051775973290205;-0.08445299416780472;-0.23203285038471222;-0.23652368783950806;-0.016399994492530823;0.9302058815956116;1;Lamun;Lamun
3154;28;17;Lainnya;0.17409999668598175;0.2054000049829483;0.23980000615119934;0.11559999734163284;0.10970000177621841;0.07109999656677246;0.07270000129938126;0.06800000369548798;0.07289999723434448;0.09799999743700027;0.06960000097751617;0.06639999896287918;-0.2573932111263275;0.4891640841960907;0.477726548910141;-0.2845725417137146;-0.12843520939350128;-0.477726548910141;-0.42966753244400024;0.33569997549057007;0.8800690174102783;1;Lamun;Lamun
2295;20;54;Lainnya;0.10109999775886536;0.0982000008225441;0.10360000282526016;0.07940000295639038;0.0812000036239624;0.061900001019239426;0.06279999762773514;0.05779999867081642;0.061799999326467514;0.06239999830722809;0.06360000371932983;0.06270000338554382;-0.1507246494293213;0.18652591109275818;0.2653846740722656;-0.057433534413576126;-0.10161779820919037;-0.2653846740722656;-0.2329360693693161;-0.030849989503622055;0.9241244792938232;1;Lamun;Lamun
1663;14;94;Lainnya;0.12049999833106995;0.12880000472068787;0.133200004696846;0.0820000022649765;0.08449999988079071;0.0575999990105629;0.05770000070333481;0.06480000168085098;0.058400001376867294;0.05900000035762787;0.0640999972820282;0.05490000173449516;-0.17003567516803741;0.313700407743454;0.3640824258327484;-0.08525955677032471;-0.109337218105793;-0.3640824258327484;-0.33264675736427307;0.058024995028972626;0.9076763391494751;1;Lamun;Lamun
2389;21;36;Lainnya;0.11150000244379044;0.09799999743700027;0.10580000281333923;0.08049999922513962;0.09229999780654907;0.06509999930858612;0.06759999692440033;0.060600001364946365;0.06909999996423721;0.0786999985575676;0.06279999762773514;0.060499999672174454;-0.12589558959007263;0.2532699406147003;0.2664277255535126;-0.05032075196504593;-0.0914737731218338;-0.2664277255535126;-0.19230769574642181;-0.013074971735477448;0.8434466123580933;1;Lamun;Lamun
2501;22;36;Lainnya;0.10890000313520432;0.10339999943971634;0.11400000005960464;0.07999999821186066;0.09030000120401382;0.06040000170469284;0.06480000168085098;0.05719999969005585;0.06379999965429306;0.07119999825954437;0.06159999966621399;0.059300001710653305;-0.16541729867458344;0.29705214500427246;0.2867830693721771;-0.06616660207509995;-0.11179360747337341;-0.2867830693721771;-0.20444031059741974;0.02777501754462719;0.8414634466171265;1;Lamun;Lamun
4933;44;4;Lainnya;0.1307000070810318;0.1005999967455864;0.1120000034570694;0.08500000089406967;0.093299999833107;0.07880000025033951;0.09109999984502792;0.06459999829530716;0.0949999988079071;0.094200000166893;0.07840000092983246;0.07919999957084656;-0.10534846037626266;0.18268397450447083;0.20992030203342438;-0.05353385955095291;-0.08254197984933853;-0.20992030203342438;-0.17407408356666565;-0.09522499889135361;0.9026548266410828;1;Lamun;Lamun
1664;14;95;Lainnya;0.12049999833106995;0.12200000137090683;0.11339999735355377;0.07259999960660934;0.07259999960660934;0.05119999870657921;0.05270000174641609;0.0681999996304512;0.05249999836087227;0.05900000035762787;0.0640999972820282;0.05429999902844429;-0.1435464471578598;0.3065977096557617;0.32341268658638;-0.08145751804113388;-0.10140406340360641;-0.32341268658638;-0.2828601598739624;0.030000006780028343;0.9044585824012756;1;Lamun;Lamun
880;7;95;Lainnya;0.120899997651577;0.1143999993801117;0.12460000067949295;0.09179999679327011;0.10019999742507935;0.07859999686479568;0.08429999649524689;0.07020000368356705;0.08259999752044678;0.0771000012755394;0.07970000058412552;0.07649999856948853;-0.12017638236284256;0.22398081421852112;0.2792607545852661;-0.05407961085438728;-0.08808618783950806;-0.2792607545852661;-0.23943659663200378;-0.04247499257326126;0.8835977911949158;1;Lamun;Lamun
1308;11;75;Lainnya;0.11959999799728394;0.11460000276565552;0.12620000541210175;0.09749999642372131;0.1014999970793724;0.08299999684095383;0.08569999784231186;0.06880000233650208;0.08799999952316284;0.062300000339746475;0.08330000191926956;0.07959999889135361;-0.13570180535316467;0.23203662037849426;0.3090418577194214;-0.06802720576524734;-0.09636062383651733;-0.3090418577194214;-0.2801082730293274;-0.03439998999238014;0.8967971205711365;1;Lamun;Lamun
1532;13;75;Lainnya;0.11959999799728394;0.10480000078678131;0.11500000208616257;0.08980000019073486;0.09650000184774399;0.08020000159740448;0.0851999968290329;0.06639999896287918;0.08529999852180481;0.062300000339746475;0.08129999786615372;0.07859999686479568;-0.11791730672121048;0.19144706428050995;0.27364441752433777;-0.056908007711172104;-0.0876132920384407;-0.27364441752433777;-0.22429907321929932;-0.07957498729228973;0.8925411701202393;1;Lamun;Lamun
4275;38;18;Lainnya;0.1160999983549118;0.10939999669790268;0.11900000274181366;0.08889999985694885;0.10289999842643738;0.09269999712705612;0.09390000253915787;0.06260000169277191;0.09470000118017197;0.07360000163316727;0.09099999815225601;0.07460000365972519;-0.16164381802082062;0.2406328171491623;0.2919955253601074;-0.07968588173389435;-0.11506275832653046;-0.2919955253601074;-0.23418423533439636;-0.022349989041686058;0.8899587392807007;1;Lamun;Lamun
4821;43;4;Lainnya;0.10930000245571136;0.0989999994635582;0.10220000147819519;0.0820000022649765;0.09390000253915787;0.0722000002861023;0.0746999979019165;0.06620000302791595;0.07280000299215317;0.10170000046491623;0.06889999657869339;0.06379999965429306;-0.10175814479589462;0.17534413933753967;0.1946471780538559;-0.05514705553650856;-0.0815991535782814;-0.1946471780538559;-0.177117720246315;-0.06662500649690628;0.9055851101875305;1;Lamun;Lamun
1552;13;95;Lainnya;0.12049999833106995;0.11079999804496765;0.12160000205039978;0.08919999748468399;0.09880000352859497;0.07890000194311142;0.08259999752044678;0.06430000066757202;0.08190000057220459;0.06419999897480011;0.08079999685287476;0.07680000364780426;-0.14064015448093414;0.23444314301013947;0.3082302212715149;-0.07228212803602219;-0.10346963256597519;-0.3082302212715149;-0.2655625343322754;0.002825000323355198;0.9037520289421082;1;Lamun;Lamun
1400;12;55;Lainnya;0.1535000056028366;0.10050000250339508;0.10840000212192535;0.07880000025033951;0.10779999941587448;0.08829999715089798;0.09099999815225601;0.06120000034570694;0.09030000120401382;0.1054999977350235;0.08160000294446945;0.07580000162124634;-0.133431077003479;0.251028835773468;0.27019503712654114;-0.05519261956214905;-0.10218632221221924;-0.27019503712654114;-0.2044534683227539;-0.008499981835484505;0.8697571754455566;1;Lamun;Lamun
2296;20;55;Lainnya;0.10570000112056732;0.10130000114440918;0.10520000010728836;0.07660000026226044;0.08089999854564667;0.06310000270605087;0.06520000100135803;0.056299999356269836;0.06350000202655792;0.06560000032186508;0.06430000066757202;0.06270000338554382;-0.14648909866809845;0.18799997866153717;0.29749998450279236;-0.054664719849824905;-0.0917603000998497;-0.29749998450279236;-0.23742562532424927;-0.08525002002716064;0.9223417043685913;1;Lamun;Lamun
3060;27;35;Lainnya;0.0989999994635582;0.09279999881982803;0.09700000286102295;0.07500000298023224;0.07930000126361847;0.0617000013589859;0.06319999694824219;0.058800000697374344;0.06400000303983688;0.06610000133514404;0.06430000066757202;0.06310000270605087;-0.12107624858617783;0.21055862307548523;0.24542126059532166;-0.04622093215584755;-0.08828429132699966;-0.24542126059532166;-0.21072793006896973;-0.05102501064538956;0.9028570652008057;1;Lamun;Lamun
3938;35;17;Lainnya;0.11169999837875366;0.10639999806880951;0.11739999800920486;0.08579999953508377;0.08829999715089798;0.07069999724626541;0.07109999656677246;0.06440000236034393;0.0714000016450882;0.06960000097751617;0.07090000063180923;0.06939999759197235;-0.13740958273410797;0.25595855712890625;0.2744886875152588;-0.05778511241078377;-0.09160957485437393;-0.2744886875152588;-0.237209290266037;-0.011550003662705421;0.8780773878097534;1;Lamun;Lamun
749;6;76;Lainnya;0.15219999849796295;0.15919999778270721;0.21240000426769257;0.14820000529289246;0.14169999957084656;0.09319999814033508;0.10019999742507935;0.08219999819993973;0.09510000050067902;0.1071000024676323;0.08789999783039093;0.08209999650716782;-0.2747252583503723;0.41809287667274475;0.43653249740600586;-0.2103041410446167;-0.16590794920921326;-0.43653249740600586;-0.3788396120071411;0.1588749885559082;0.8632479310035706;1;Lamun;Lamun
4373;39;4;Lainnya;0.11550000309944153;0.1103999987244606;0.12380000203847885;0.09120000153779984;0.10419999808073044;0.08079999685287476;0.08100000023841858;0.0729999989271164;0.08529999852180481;0.11169999837875366;0.07609999924898148;0.06560000032186508;-0.09925294667482376;0.22304031252861023;0.24558304250240326;-0.05544048547744751;-0.06961078196763992;-0.24558304250240326;-0.18744051456451416;-0.02407500147819519;0.8837438225746155;1;Lamun;Lamun
2183;19;54;Lainnya;0.10090000182390213;0.09019999951124191;0.09830000251531601;0.07800000160932541;0.07750000059604645;0.060499999672174454;0.06549999862909317;0.055399999022483826;0.06689999997615814;0.06809999793767929;0.06210000067949295;0.06199999898672104;-0.1464330554008484;0.22187301516532898;0.2759493589401245;-0.04657839611172676;-0.10465116798877716;-0.2759493589401245;-0.2238806039094925;-0.04072500392794609;0.9025271534919739;1;Lamun;Lamun
1288;11;55;Lainnya;0.1535000056028366;0.11140000075101852;0.1225999966263771;0.09399999678134918;0.12430000305175781;0.08789999783039093;0.09269999712705612;0.062199998646974564;0.0868000015616417;0.1054999977350235;0.06599999964237213;0.06279999762773514;-0.16918843984603882;0.29688355326652527;0.29769736528396606;-0.08362817019224167;-0.11397058516740799;-0.29769736528396606;-0.2400548756122589;0.03924999758601189;0.8559907674789429;1;Lamun;Lamun
1104;9;95;Lainnya;0.120899997651577;0.10719999670982361;0.125;0.0982000008225441;0.10429999977350235;0.08299999684095383;0.08470000326633453;0.07039999961853027;0.08489999920129776;0.0771000012755394;0.08169999718666077;0.0778999999165535;-0.13105639815330505;0.2260177731513977;0.30089372396469116;-0.058665066957473755;-0.10116492956876755;-0.30089372396469116;-0.24056096374988556;-0.04137501120567322;0.8830347657203674;1;Lamun;Lamun
5045;45;4;Lainnya;0.1307000070810318;0.10320000350475311;0.1128000020980835;0.08429999649524689;0.093299999833107;0.07880000025033951;0.09109999984502792;0.060100000351667404;0.0949999988079071;0.094200000166893;0.07840000092983246;0.07919999957084656;-0.13885648548603058;0.20486436784267426;0.24338625371456146;-0.05291971191763878;-0.09762366116046906;-0.24338625371456146;-0.19360904395580292;-0.06639998406171799;0.8987805247306824;1;Lamun;Lamun
2724;24;35;Lainnya;0.10890000313520432;0.09969999641180038;0.10899999737739563;0.0803999975323677;0.08209999650716782;0.06199999898672104;0.06310000270605087;0.05620000138878822;0.06480000168085098;0.07720000296831131;0.06279999762773514;0.0608999989926815;-0.16543731093406677;0.27303946018218994;0.30722153186798096;-0.06702088564634323;-0.11592741310596466;-0.30722153186798096;-0.2294117659330368;0.007349981926381588;0.844660222530365;1;Lamun;Lamun
881;7;96;Lainnya;0.120899997651577;0.11420000344514847;0.12999999523162842;0.09480000287294388;0.10000000149011612;0.07859999686479568;0.08429999649524689;0.06960000097751617;0.08259999752044678;0.08110000193119049;0.07970000058412552;0.07580000162124634;-0.13023778796195984;0.24105459451675415;0.30260518193244934;-0.05650818347930908;-0.08870967477560043;-0.30260518193244934;-0.24265506863594055;-0.022850025445222855;0.8694300055503845;1;Lamun;Lamun
1287;11;54;Lainnya;0.17560000717639923;0.11860000342130661;0.13120000064373016;0.10360000282526016;0.1362999975681305;0.09459999948740005;0.10199999809265137;0.08079999685287476;0.09510000050067902;0.14329999685287476;0.0722000002861023;0.06319999694824219;-0.14690981805324554;0.2900688350200653;0.2884012460708618;-0.0715155303478241;-0.10316067934036255;-0.2884012460708618;-0.22893007099628448;0.031750019639730453;0.8719424605369568;1;Lamun;Lamun
2184;19;55;Lainnya;0.10119999945163727;0.09290000051259995;0.0989999994635582;0.08060000091791153;0.07999999821186066;0.06279999762773514;0.06560000032186508;0.05719999969005585;0.07090000063180923;0.06560000032186508;0.06289999932050705;0.0649000033736229;-0.15428569912910461;0.23374111950397491;0.2522875666618347;-0.053185589611530304;-0.10359710454940796;-0.2522875666618347;-0.2244456559419632;-0.03132500499486923;0.899113118648529;1;Lamun;Lamun
3490;31;17;Lainnya;0.17409999668598175;0.1080000028014183;0.11320000141859055;0.08579999953508377;0.09520000219345093;0.06750000268220901;0.07119999825954437;0.06400000303983688;0.07069999724626541;0.09799999743700027;0.07050000131130219;0.0674000009894371;-0.1304347664117813;0.23244419693946838;0.28104573488235474;-0.05515972524881363;-0.09190504252910614;-0.28104573488235474;-0.2053663730621338;-0.028600016608834267;0.8436481952667236;1;Lamun;Lamun
4372;39;3;Lainnya;0.11550000309944153;0.1265999972820282;0.1363999992609024;0.09740000218153;0.10419999808073044;0.08889999985694885;0.0835999995470047;0.07400000095367432;0.08799999952316284;0.11169999837875366;0.07609999924898148;0.06859999895095825;-0.11947627365589142;0.28376471996307373;0.29657793045043945;-0.07483715564012527;-0.08934270590543747;-0.29657793045043945;-0.21775896847248077;0.035650014877319336;0.8521008491516113;1;Lamun;Lamun
4387;39;18;Lainnya;0.1160999983549118;0.125;0.13840000331401825;0.09780000150203705;0.10289999842643738;0.09269999712705612;0.09390000253915787;0.07900000363588333;0.09470000118017197;0.07360000163316727;0.09099999815225601;0.07460000365972519;-0.15119916200637817;0.24855491518974304;0.28342247009277344;-0.07484205812215805;-0.09312780946493149;-0.28342247009277344;-0.2222660928964615;-0.0035749939270317554;0.9051008224487305;1;Lamun;Lamun
3886;34;77;Kanan_Bawah;0.08669999986886978;0.08609999716281891;0.07280000299215317;0.07050000131130219;0.07029999792575836;0.06390000134706497;0.06369999796152115;0.05739999935030937;0.06530000269412994;0.060600001364946365;0.06610000133514404;0.06319999694824219;-0.07883080840110779;0.044585950672626495;0.10638299584388733;-0.021621625870466232;-0.06691919267177582;-0.10638299584388733;-0.21262001991271973;-0.16735002398490906;11818182468414300;0;Perairan;Non_Lamun
5134;45;93;Kanan_Bawah;0.08160000294446945;0.0843999981880188;0.07400000095367432;0.0722000002861023;0.07419999688863754;0.06650000065565109;0.06319999694824219;0.06620000302791595;0.06430000066757202;0.05530000105500221;0.06629999727010727;0.058800000697374344;-0.06487149000167847;0.02120141126215458;0.09279541671276093;-0.022499429062008858;-0.05602537468075752;-0.09279541671276093;-0.13280364871025085;-0.16102498769760132;11194630861282300;0;Perairan;Non_Lamun
1491;13;34;Lainnya;0.18150000274181366;0.4187999963760376;0.4880000054836273;0.5568000078201294;0.5306000113487244;0.5120000243186951;0.5224999785423279;0.6132000088691711;0.557200014591217;0.3564000129699707;0.3580000102519989;0.241799995303154;0.057284269481897354;0.13942307233810425;-0.11567162722349167;0.09201003611087799;0.07365306466817856;0.11567162722349167;0.18590523302555084;-0.3466000258922577;0.8674799799919128;0;Pasir;Non_Lamun
4432;39;63;Kanan_Bawah;0.08460000157356262;0.07639999687671661;0.06840000301599503;0.06589999794960022;0.06870000064373016;0.06310000270605087;0.06310000270605087;0.05530000105500221;0.06369999796152115;0.05570000037550926;0.0640999972820282;0.06319999694824219;-0.06200122833251953;0.02705749310553074;0.10169489681720734;-0.02461080625653267;-0.05315789207816124;-0.10169489681720734;-0.15893535315990448;-0.17024998366832733;11080585718154900;0;Perairan;Non_Lamun
3679;32;94;Kanan_Bawah;0.09009999781847;0.09300000220537186;0.07699999958276749;0.0722000002861023;0.06960000097751617;0.06270000338554382;0.06360000371932983;0.06289999932050705;0.06319999694824219;0.06040000170469284;0.06599999964237213;0.06270000338554382;-0.07662463188171387;0.042081959545612335;0.11032445728778839;-0.02881089597940445;-0.0687960684299469;-0.11032445728778839;-0.1984536349773407;-0.15070000290870667;11047794818878100;0;Perairan;Non_Lamun
4451;39;82;Kanan_Bawah;0.0869000032544136;0.08429999649524689;0.0722000002861023;0.07329999655485153;0.07249999791383743;0.0632999986410141;0.06620000302791595;0.05620000138878822;0.07010000199079514;0.06069999933242798;0.06549999862909317;0.06400000303983688;-0.08160921186208725;0.04198061302304268;0.11507294327020645;-0.03470339626073837;-0.0614272765815258;-0.11507294327020645;-0.19170983135700226;-0.16792500019073486;107803475856781;0;Perairan;Non_Lamun
4543;40;62;Kanan_Bawah;0.08219999819993973;0.07819999754428864;0.06859999895095825;0.0658000037074089;0.06759999692440033;0.0608999989926815;0.05909999832510948;0.051600001752376556;0.06069999933242798;0.05570000037550926;0.06239999830722809;0.061500001698732376;-0.07246379554271698;0.052147235721349716;0.12084588408470154;-0.026185384020209312;-0.0604533925652504;-0.12084588408470154;-0.2049306333065033;-0.154775008559227;1140804648399350;0;Perairan;Non_Lamun
5679;50;78;Kanan_Bawah;0.09560000151395798;0.08500000089406967;0.0803999975323677;0.08020000159740448;0.08299999684095383;0.0737999975681305;0.07460000365972519;0.06340000033378601;0.07329999655485153;0.06350000202655792;0.07699999958276749;0.07100000232458115;-0.07894738018512726;0.027804380282759666;0.096774160861969;-0.031472351402044296;-0.056594930589199066;-0.096774160861969;-0.14555256068706512;-0.18074999749660492;11125131845474200;0;Perairan;Non_Lamun
4704;41;111;Kanan_Bawah;0.08209999650716782;0.07500000298023224;0.06159999966621399;0.06239999830722809;0.06300000101327896;0.057999998331069946;0.057999998331069946;0.04740000143647194;0.05869999900460243;0.05999999865889549;0.05979999899864197;0.060600001364946365;-0.083094522356987;0.012912486679852009;0.12734082341194153;-0.026906749233603477;-0.07579672336578369;-0.12734082341194153;-0.2034188061952591;-0.17670001089572906;11503268480300900;0;Perairan;Non_Lamun
3558;31;85;Kanan_Bawah;0.09030000120401382;0.08240000158548355;0.07320000231266022;0.06469999998807907;0.06790000200271606;0.06350000202655792;0.06449999660253525;0.05550000071525574;0.06369999796152115;0.06019999831914902;0.06499999761581421;0.06319999694824219;-0.06643358618021011;0.04078763350844383;0.13466551899909973;-0.024670608341693878;-0.053467005491256714;-0.13466551899909973;-0.20996440947055817;-0.15427500009536743;1140480637550350;0;Perairan;Non_Lamun
4675;41;82;Kanan_Bawah;0.08739999681711197;0.0812000036239624;0.07559999823570251;0.0738999992609024;0.07270000129938126;0.06800000369548798;0.0706000030040741;0.061799999326467514;0.07010000199079514;0.06069999933242798;0.06650000065565109;0.06300000101327896;-0.07359306514263153;0.041260287165641785;0.09781021624803543;-0.027267521247267723;-0.06278025358915329;-0.09781021624803543;-0.1201353371143341;-0.16352500021457672;10607142448425200;0;Perairan;Non_Lamun
6147;54;98;Kanan_Bawah;0.08749999850988388;0.08179999887943268;0.07270000129938126;0.06939999759197235;0.07460000365972519;0.06639999896287918;0.06719999760389328;0.05779999867081642;0.06790000200271606;0.06069999933242798;0.07150000333786011;0.06759999692440033;-0.09378290921449661;0.020301921293139458;0.11417626589536667;-0.033431317657232285;-0.07503233104944229;-0.11417626589536667;-0.1665465086698532;-0.18580001592636108;10976933240890500;0;Perairan;Non_Lamun
5028;44;99;Kanan_Bawah;0.0803999975323677;0.07419999688863754;0.059700001031160355;0.05790000036358833;0.05869999900460243;0.051899999380111694;0.052400000393390656;0.04740000143647194;0.052299998700618744;0.05590000003576279;0.05649999901652336;0.054999999701976776;-0.08968174457550049;0.020134225487709045;0.1136891171336174;-0.022258177399635315;-0.07629870623350143;-0.1136891171336174;-0.19578950107097626;-0.15109999477863312;11479820013046200;0;Perairan;Non_Lamun
2111;18;94;Lainnya;0.1160999983549118;0.125;0.13699999451637268;0.0885000005364418;0.09239999949932098;0.07540000230073929;0.07919999957084656;0.06159999966621399;0.07569999992847443;0.061400000005960464;0.06759999692440033;0.058400001376867294;-0.16903634369373322;0.3135630190372467;0.3518851101398468;-0.08966806530952454;-0.10804463922977448;-0.3518851101398468;-0.3239700198173523;0.04475000128149986;0.9264706373214722;0;Coral;Non_Lamun
5822;51;109;Kanan_Bawah;0.08380000293254852;0.0885000005364418;0.08129999786615372;0.0786999985575676;0.07559999823570251;0.06800000369548798;0.07100000232458115;0.06679999828338623;0.07320000231266022;0.05909999832510948;0.06650000065565109;0.06480000168085098;-0.09652511030435562;0.023037146776914597;0.11136756837368011;-0.025652850046753883;-0.0824073925614357;-0.11136756837368011;-0.14795921742916107;-0.18717500567436218;10935602188110300;0;Perairan;Non_Lamun
5666;50;65;Kanan_Bawah;0.09709999710321426;0.08839999884366989;0.08030000329017639;0.07760000228881836;0.08449999988079071;0.07779999822378159;0.0771000012755394;0.065700002014637;0.07720000296831131;0.0617000013589859;0.08020000159740448;0.0738999992609024;-0.07455893605947495;0.02933335304260254;0.10000000149011612;-0.024655960500240326;-0.06126020476222038;-0.10000000149011612;-0.1546798199415207;-0.2131749987602234;11030534505844100;0;Perairan;Non_Lamun
4347;38;90;Kanan_Bawah;0.08590000122785568;0.08500000089406967;0.08079999685287476;0.07360000163316727;0.07490000128746033;0.07020000368356705;0.06920000165700912;0.0658000037074089;0.06750000268220901;0.058400001376867294;0.06710000336170197;0.060499999672174454;-0.05763689801096916;0.026431715115904808;0.1108374372124672;-0.021761659532785416;-0.05090387538075447;-0.1108374372124672;-0.13602015376091003;-0.13350000977516174;1089463233947750;0;Perairan;Non_Lamun
4763;42;58;Kanan_Bawah;0.08669999986886978;0.09570000320672989;0.08139999955892563;0.06650000065565109;0.07039999961853027;0.062300000339746475;0.05860000103712082;0.0697999969124794;0.058400001376867294;0.061500001698732376;0.0640999972820282;0.057999998331069946;-0.08974359929561615;0.02724357321858406;0.09221556782722473;-0.021058790385723114;-0.0726315900683403;-0.09221556782722473;-0.14657211303710938;-0.1472250074148178;1112633228302000;0;Perairan;Non_Lamun
6018;53;81;Kanan_Bawah;0.09290000051259995;0.08020000159740448;0.07320000231266022;0.07280000299215317;0.07580000162124634;0.06809999793767929;0.06679999828338623;0.05820000171661377;0.06870000064373016;0.061900001019239426;0.07209999859333038;0.06759999692440033;-0.09923665970563889;0.025561608374118805;0.1168316900730133;-0.023046717047691345;-0.08482872694730759;-0.1168316900730133;-0.1531272679567337;-0.18662498891353607;11104868650436400;0;Perairan;Non_Lamun
3676;32;91;Kanan_Bawah;0.09009999781847;0.08340000361204147;0.07580000162124634;0.0706000030040741;0.07150000333786011;0.06440000236034393;0.06419999897480011;0.061400000005960464;0.06449999660253525;0.06040000170469284;0.06549999862909317;0.0649000033736229;-0.09037037938833237;0.025770576670765877;0.11781608313322067;-0.024258462712168694;-0.06502243131399155;-0.11781608313322067;-0.18133334815502167;-0.1649249941110611;11243655681610100;0;Perairan;Non_Lamun
1979;17;74;Lainnya;0.12229999899864197;0.12219999730587006;0.13339999318122864;0.09560000151395798;0.10019999742507935;0.08110000193119049;0.08449999988079071;0.0706000030040741;0.08820000290870667;0.061500001698732376;0.08110000193119049;0.0794999971985817;-0.15115287899971008;0.252189964056015;0.31589147448539734;-0.06789805740118027;-0.09999999403953552;-0.31589147448539734;-0.26604363322257996;-0.017474984750151634;0.9079284071922302;0;Coral;Non_Lamun
5040;44;111;Kanan_Bawah;0.08209999650716782;0.07900000363588333;0.0632999986410141;0.06360000371932983;0.0649000033736229;0.057500001043081284;0.05649999901652336;0.04899999871850014;0.056299999356269836;0.05999999865889549;0.06120000034570694;0.060600001364946365;-0.07403751462697983;0.01686745695769787;0.1154598668217659;-0.02378491871058941;-0.07082153111696243;-0.1154598668217659;-0.18115940690040588;-0.17704999446868896;11241379976272500;0;Perairan;Non_Lamun
4103;36;70;Kanan_Bawah;0.08569999784231186;0.08529999852180481;0.0689999982714653;0.06159999966621399;0.06300000101327896;0.0551999993622303;0.05779999867081642;0.05609999969601631;0.05810000002384186;0.062300000339746475;0.0617000013589859;0.061000000685453415;-0.03878583014011383;0.025175398215651512;0.09235668182373047;-0.01685263030230999;-0.034591194242239;-0.09235668182373047;-0.20650635659694672;-0.15217500925064087;12168331146240200;0;Perairan;Non_Lamun
5017;44;88;Kanan_Bawah;0.09359999746084213;0.08640000224113464;0.07800000160932541;0.07190000265836716;0.07800000160932541;0.07190000265836716;0.07159999758005142;0.06400000303983688;0.0754999965429306;0.0575999990105629;0.07460000365972519;0.0697999969124794;-0.06331560015678406;0.0286309402436018;0.09859153628349304;-0.023196477442979813;-0.05680831894278526;-0.09859153628349304;-0.14640522003173828;-0.19254998862743378;10867410898208600;0;Perairan;Non_Lamun
6261;55;100;Kanan_Bawah;0.08749999850988388;0.08160000294446945;0.07039999961853027;0.06790000200271606;0.07660000026226044;0.06719999760389328;0.06560000032186508;0.05909999832510948;0.07010000199079514;0.06069999933242798;0.0729999989271164;0.06769999861717224;-0.06546276807785034;0.03030301257967949;0.0960187017917633;-0.02652934193611145;-0.05442177131772041;-0.0960187017917633;-0.1475953906774521;-0.19722500443458557;10845071077346800;0;Perairan;Non_Lamun
4027;35;106;Kanan_Bawah;0.08569999784231186;0.0835999995470047;0.0681999996304512;0.06679999828338623;0.06679999828338623;0.060100000351667404;0.061799999326467514;0.05620000138878822;0.06210000067949295;0.06159999966621399;0.0632999986410141;0.06419999897480011;-0.07558140903711319;0.037262365221977234;0.09646300971508026;-0.025436662137508392;-0.06458554416894913;-0.09646300971508026;-0.18313951790332794;-0.17257501184940338;11763005256652800;0;Perairan;Non_Lamun
3309;29;60;Kanan_Bawah;0.10490000247955322;0.1120000034570694;0.10999999940395355;0.08420000225305557;0.08330000191926956;0.07540000230073929;0.08049999922513962;0.06639999896287918;0.07890000194311142;0.0658000037074089;0.07819999754428864;0.07569999992847443;-0.07856449484825134;0.17597471177577972;0.2281583845615387;-0.0326942577958107;-0.044670842587947845;-0.2281583845615387;-0.24671916663646698;-0.09199999272823334;0.9946714639663696;0;Perairan;Non_Lamun
3582;31;109;Kanan_Bawah;0.09780000150203705;0.09510000050067902;0.07980000227689743;0.06920000165700912;0.07029999792575836;0.06270000338554382;0.06360000371932983;0.060600001364946365;0.06509999930858612;0.060600001364946365;0.06669999659061432;0.06480000168085098;-0.065510593354702;0.05857449769973755;0.12443778663873672;-0.02488425001502037;-0.0479910746216774;-0.12443778663873672;-0.22853368520736694;-0.15959997475147247;1217821717262260;0;Perairan;Non_Lamun
637;5;76;Lainnya;0.15219999849796295;0.1876000016927719;0.21439999341964722;0.15219999849796295;0.14550000429153442;0.09589999914169312;0.10140000283718109;0.0851999968290329;0.09709999710321426;0.1071000024676323;0.09070000052452087;0.08330000191926956;-0.2840336263179779;0.408083438873291;0.4252873361110687;-0.20036639273166656;-0.15640905499458313;-0.4252873361110687;-0.3503184914588928;0.14659999310970306;0.8422847390174866;0;Pasir;Non_Lamun
6004;53;67;Kanan_Bawah;0.09989999979734421;0.08879999816417694;0.07819999754428864;0.07729999721050262;0.08209999650716782;0.07429999858140945;0.07609999924898148;0.06159999966621399;0.07440000027418137;0.06480000168085098;0.07720000296831131;0.07190000265836716;-0.07860007882118225;0.029189199209213257;0.09756095707416534;-0.02012682892382145;-0.06135769560933113;-0.09756095707416534;-0.17905916273593903;-0.20742501318454742;1121212124824520;0;Perairan;Non_Lamun
3436;30;75;Kanan_Bawah;0.09130000323057175;0.09099999815225601;0.0714000016450882;0.0674000009894371;0.066600002348423;0.06019999831914902;0.06109999865293503;0.05700000002980232;0.06069999933242798;0.06549999862909317;0.06430000066757202;0.0617000013589859;-0.07861633598804474;0.04827587679028511;0.11279332637786865;-0.028257790952920914;-0.060277264565229416;-0.11279332637786865;-0.21866664290428162;-0.14752501249313354;11865671873092600;0;Perairan;Non_Lamun
950;8;53;Lainnya;0.19539999961853027;0.32679998874664307;0.37599998712539673;0.2797999978065491;0.25130000710487366;0.15189999341964722;0.17520000040531158;0.16200000047683716;0.1559000015258789;0.1873999983072281;0.12549999356269836;0.08179999887943268;-0.29329174757003784;0.48425665497779846;0.40822991728782654;-0.614859938621521;-0.1913701295852661;-0.40822991728782654;-0.3592645227909088;0.5131999850273132;0.8782243728637695;0;Pasir;Non_Lamun
5596;49;107;Kanan_Bawah;0.08429999649524689;0.08349999785423279;0.07020000368356705;0.0674000009894371;0.06930000334978104;0.06310000270605087;0.061900001019239426;0.05820000171661377;0.059700001031160355;0.06340000033378601;0.06449999660253525;0.0632999986410141;-0.05294705554842949;0.027027036994695663;0.09031200408935547;-0.02146277017891407;-0.048460155725479126;-0.09031200408935547;-0.17841076850891113;-0.17980000376701355;11303116083145100;0;Perairan;Non_Lamun
4590;40;109;Kanan_Bawah;0.08209999650716782;0.07970000058412552;0.06469999998807907;0.05999999865889549;0.06159999966621399;0.05550000071525574;0.05620000138878822;0.05079999938607216;0.05550000071525574;0.05999999865889549;0.05820000171661377;0.05810000002384186;-0.07551487535238266;0.026747198775410652;0.0942956879734993;-0.022185878828167915;-0.06229506805539131;-0.0942956879734993;-0.20930230617523193;-0.15662498772144318;11479592323303200;0;Perairan;Non_Lamun
4452;39;83;Kanan_Bawah;0.0869000032544136;0.08259999752044678;0.07500000298023224;0.07680000364780426;0.07249999791383743;0.066600002348423;0.06840000301599503;0.06030000001192093;0.06939999759197235;0.06069999933242798;0.06549999862909317;0.0649000033736229;-0.09391436725854874;0.02785361558198929;0.10236220806837082;-0.033858735114336014;-0.07677900046110153;-0.10236220806837082;-0.15376226603984833;-0.17272499203681946;10847457647323600;0;Perairan;Non_Lamun
526;4;77;Lainnya;0.15219999849796295;0.2199999988079071;0.2468000054359436;0.1664000004529953;0.14569999277591705;0.09589999914169312;0.10140000283718109;0.08470000326633453;0.09730000048875809;0.1071000024676323;0.09059999883174896;0.08309999853372574;-0.29392972588539124;0.5205650329589844;0.5414808392524719;-0.3786293566226959;-0.15614885091781616;-0.5414808392524719;-0.45473045110702515;0.4418250322341919;0.8443580269813538;0;Pasir;Non_Lamun
1999;17;94;Lainnya;0.1160999983549118;0.11159999668598175;0.12300000339746475;0.08550000190734863;0.08659999817609787;0.06159999966621399;0.0658000037074089;0.05999999865889549;0.06419999897480011;0.061400000005960464;0.06019999831914902;0.0560000017285347;-0.15332092344760895;0.28816622495651245;0.34426233172416687;-0.08661685138940811;-0.10239905118942261;-0.34426233172416687;-0.2969072163105011;0.028549998998641968;0.9077720046043396;0;Coral;Non_Lamun
525;4;76;Lainnya;0.15219999849796295;0.22419999539852142;0.23839999735355377;0.16279999911785126;0.14550000429153442;0.09589999914169312;0.10140000283718109;0.08799999952316284;0.09709999710321426;0.1071000024676323;0.09070000052452087;0.08330000191926956;-0.2728003263473511;0.5330759286880493;0.5102949738502502;-0.335941344499588;-0.14465239644050598;-0.5102949738502502;-0.43625879287719727;0.40369999408721924;0.8707940578460693;0;Pasir;Non_Lamun
5572;49;83;Kanan_Bawah;0.09539999812841415;0.08500000089406967;0.07720000296831131;0.07810000330209732;0.08110000193119049;0.07069999724626541;0.07129999995231628;0.06549999862909317;0.07190000265836716;0.06350000202655792;0.0729999989271164;0.06870000064373016;-0.08623088151216507;0.029411742463707924;0.09306260943412781;-0.02291075885295868;-0.06892383843660355;-0.09306260943412781;-0.12956811487674713;-0.17752499878406525;11125704050064000;0;Perairan;Non_Lamun
5707;50;106;Kanan_Bawah;0.08429999649524689;0.08389999717473984;0.06960000097751617;0.0731000006198883;0.07490000128746033;0.07349999994039536;0.07349999994039536;0.0575999990105629;0.07209999859333038;0.05959999933838844;0.06809999793767929;0.06430000066757202;-0.08571429550647736;0.023853205144405365;0.09433963894844055;-0.03197217732667923;-0.06813994795084;-0.09433963894844055;-0.1598455309867859;-0.18062500655651093;10965250730514500;0;Perairan;Non_Lamun
5241;46;88;Kanan_Bawah;0.09359999746084213;0.08810000121593475;0.08299999684095383;0.08079999685287476;0.08209999650716782;0.07339999824762344;0.0754999965429306;0.06639999896287918;0.07349999994039536;0.060600001364946365;0.07419999688863754;0.06930000334978104;-0.08803162723779678;0.035087715834379196;0.09221556782722473;-0.02729485183954239;-0.07678074389696121;-0.09221556782722473;-0.14045308530330658;-0.1766500025987625;10916666984558100;0;Perairan;Non_Lamun
5895;52;70;Kanan_Bawah;0.09989999979734421;0.07999999821186066;0.07349999994039536;0.07559999823570251;0.08209999650716782;0.07169999927282333;0.07069999724626541;0.0575999990105629;0.07209999859333038;0.06480000168085098;0.07739999890327454;0.06939999759197235;-0.09709543734788895;0.019245611503720284;0.08783785253763199;-0.036685846745967865;-0.08074533939361572;-0.08783785253763199;-0.1463748663663864;-0.20605000853538513;10672781467437700;0;Perairan;Non_Lamun
3427;30;66;Kanan_Bawah;0.10159999877214432;0.09960000216960907;0.08500000089406967;0.07779999822378159;0.08820000290870667;0.08299999684095383;0.0860000029206276;0.06639999896287918;0.08699999749660492;0.06629999727010727;0.08240000158548355;0.07900000363588333;-0.06666664034128189;0.11669128388166428;0.12285338342189789;-0.022702256217598915;-0.046383194625377655;-0.12285338342189789;-0.18194644153118134;-0.22050000727176666;11502100229263300;0;Perairan;Non_Lamun
2594;23;17;Lainnya;0.1770000010728836;0.3447999954223633;0.40119999647140503;0.426800012588501;0.4828999936580658;0.3950999975204468;0.4122999906539917;0.3472000062465668;0.38199999928474426;0.30889999866485596;0.15080000460147858;0.09860000014305115;0.001774619915522635;0.35308343172073364;-0.02776513062417507;0.0016021763440221548;0.0020428975112736225;0.02776513062417507;0.12115191668272018;0.36445000767707825;0.8433632850646973;0;Pasir;Non_Lamun
3545;31;72;Kanan_Bawah;0.09399999678134918;0.09470000118017197;0.08070000261068344;0.07559999823570251;0.0835999995470047;0.07769999653100967;0.06379999965429306;0.06509999930858612;0.06430000066757202;0.06549999862909317;0.07989999651908875;0.06340000033378601;-0.07204607874155045;0.044943828135728836;0.10256411135196686;-0.025495735928416252;-0.056832704693078995;-0.10256411135196686;-0.1747167408466339;-0.16067498922348022;11751360893249500;0;Perairan;Non_Lamun
5132;45;91;Kanan_Bawah;0.08160000294446945;0.08579999953508377;0.07800000160932541;0.07750000059604645;0.07429999858140945;0.07190000265836716;0.0729999989271164;0.06560000032186508;0.07289999723434448;0.05530000105500221;0.07029999792575836;0.060600001364946365;-0.08620691299438477;0.024284912273287773;0.08274230360984802;-0.02607671357691288;-0.07126437872648239;-0.08274230360984802;-0.15829145908355713;-0.1594499945640564;1106217622756950;0;Perairan;Non_Lamun
3911;34;102;Kanan_Bawah;0.08489999920129776;0.08269999921321869;0.0689999982714653;0.06909999996423721;0.06669999659061432;0.05849999934434891;0.05959999933838844;0.05420000106096268;0.060100000351667404;0.062199998646974564;0.06319999694824219;0.06260000169277191;-0.0665866956114769;0.03437739983201027;0.11074649542570114;-0.020915772765874863;-0.05751296132802963;-0.11074649542570114;-0.20299628376960754;-0.16769999265670776;11471428871154700;0;Perairan;Non_Lamun
5264;46;111;Kanan_Bawah;0.08380000293254852;0.07890000194311142;0.06889999657869339;0.06719999760389328;0.06669999659061432;0.05810000002384186;0.05820000171661377;0.052400000393390656;0.0568000003695488;0.06300000101327896;0.0617000013589859;0.061500001698732376;-0.08239096403121948;0.05204977095127106;0.08784849941730499;-0.020124608650803566;-0.0735163763165474;-0.08784849941730499;-0.16605162620544434;-0.15924999117851257;11287554502487100;0;Perairan;Non_Lamun
4037;36;4;Lainnya;0.12150000035762787;0.18359999358654022;0.2037999927997589;0.12300000339746475;0.11940000206232071;0.08309999853372574;0.0877000018954277;0.07419999688863754;0.08889999985694885;0.16329999268054962;0.07769999653100967;0.06629999727010727;-0.20000001788139343;0.4391944110393524;0.4323570430278778;-0.2794279158115387;-0.11270047724246979;-0.4323570430278778;-0.3647863268852234;0.25130000710487366;0.9052532911300659;0;Pasir;Non_Lamun
6113;54;64;Kanan_Bawah;0.10100000351667404;0.08940000087022781;0.07900000363588333;0.07699999958276749;0.07999999821186066;0.07129999995231628;0.0722000002861023;0.06560000032186508;0.07270000129938126;0.06639999896287918;0.07609999924898148;0.0714000016450882;-0.06000002101063728;0.021806875243782997;0.09494949877262115;-0.02027253992855549;-0.04997371882200241;-0.09494949877262115;-0.1794871836900711;-0.19675002992153168;11176471710205000;0;Perairan;Non_Lamun
4216;37;71;Kanan_Bawah;0.08569999784231186;0.07859999686479568;0.06080000102519989;0.05860000103712082;0.06480000168085098;0.05620000138878822;0.05959999933838844;0.04919999837875366;0.059700001031160355;0.062300000339746475;0.06310000270605087;0.061500001698732376;-0.08518517762422562;0.02292264997959137;0.10738253593444824;-0.02834257297217846;-0.06705781817436218;-0.10738253593444824;-0.20279717445373535;-0.18662501871585846;11825612783432000;0;Perairan;Non_Lamun
1490;13;33;Lainnya;0.18150000274181366;0.40880000591278076;0.4611999988555908;0.5296000242233276;0.4821999967098236;0.47440001368522644;0.48590001463890076;0.6019999980926514;0.5015000104904175;0.3564000129699707;0.3779999911785126;0.2574000060558319;0.060659777373075485;0.07738865911960602;-0.12810403108596802;0.09596700966358185;0.07853038609027863;0.12810403108596802;0.18225866556167603;-0.5805249810218811;0.8844656348228455;0;Pasir;Non_Lamun
6140;54;91;Kanan_Bawah;0.09049999713897705;0.08269999921321869;0.0729999989271164;0.06930000334978104;0.07609999924898148;0.07079999893903732;0.0706000030040741;0.060600001364946365;0.07010000199079514;0.05820000171661377;0.07150000333786011;0.065700002014637;-0.05882354453206062;0.012924849055707455;0.09756100177764893;-0.027104966342449188;-0.05316224694252014;-0.09756100177764893;-0.15422189235687256;-0.19417500495910645;1117567539215080;0;Perairan;Non_Lamun
432;3;95;Lainnya;0.15189999341964722;0.23240000009536743;0.2587999999523163;0.17499999701976776;0.1729000061750412;0.1128000020980835;0.11050000041723251;0.09359999746084213;0.1251000016927719;0.1808999925851822;0.08649999648332596;0.07739999890327454;-0.3231850266456604;0.5372750759124756;0.5266175270080566;-0.5305100679397583;-0.1532513052225113;-0.5266175270080566;-0.4792792797088623;0.4739000201225281;0.8633880019187927;0;Pasir;Non_Lamun
5237;46;84;Kanan_Bawah;0.09539999812841415;0.08420000225305557;0.07620000094175339;0.07050000131130219;0.08410000056028366;0.07209999859333038;0.0731000006198883;0.06360000371932983;0.07280000299215317;0.060600001364946365;0.0754999965429306;0.07100000232458115;-0.07309485971927643;0.01823710836470127;0.09146340191364288;-0.027340887114405632;-0.05625603720545769;-0.09146340191364288;-0.1332436054944992;-0.2035999894142151;10850515365600500;0;Perairan;Non_Lamun
4473;39;104;Kanan_Bawah;0.08470000326633453;0.07620000094175339;0.06360000371932983;0.06310000270605087;0.06629999727010727;0.061400000005960464;0.058400001376867294;0.04839999973773956;0.060499999672174454;0.062199998646974564;0.06199999898672104;0.060100000351667404;-0.09183673560619354;0.022556377574801445;0.13065756857395172;-0.025781961157917976;-0.0706150233745575;-0.13065756857395172;-0.21024049818515778;-0.1709749847650528;11722221374511700;0;Perairan;Non_Lamun
1602;14;33;Lainnya;0.2013999968767166;0.39640000462532043;0.47360000014305115;0.524399995803833;0.5181999802589417;0.4490000009536743;0.45899999141693115;0.5835999846458435;0.42730000615119934;0.2556999921798706;0.2483000010251999;0.16220000386238098;0.04102747514843941;0.28932836651802063;-0.09165730327367783;0.06665894389152527;0.051236361265182495;0.09165730327367783;0.16574351489543915;0.23607495427131653;0.8450472354888916;0;Pasir;Non_Lamun
4693;41;100;Kanan_Bawah;0.0803999975323677;0.07530000060796738;0.061000000685453415;0.05939999967813492;0.060499999672174454;0.0544000007212162;0.0544000007212162;0.04800000041723251;0.05420000106096268;0.06080000102519989;0.057999998331069946;0.057500001043081284;-0.07706253975629807;0.025210104882717133;0.09349954128265381;-0.02528858371078968;-0.06159419193863869;-0.09349954128265381;-0.19525688886642456;-0.15812499821186066;1145932912826530;0;Perairan;Non_Lamun
433;3;96;Lainnya;0.1453000009059906;0.20059999823570251;0.23739999532699585;0.16200000047683716;0.16599999368190765;0.11190000176429749;0.11050000041723251;0.09179999679327011;0.12200000137090683;0.1808999925851822;0.08649999648332596;0.07739999890327454;-0.271091103553772;0.5179715752601624;0.46341463923454285;-0.2894060015678406;-0.1430487334728241;-0.46341463923454285;-0.38285714387893677;0.36252498626708984;0.8522311449050903;0;Pasir;Non_Lamun
5148;45;107;Kanan_Bawah;0.08169999718666077;0.08169999718666077;0.07109999656677246;0.07180000096559525;0.06679999828338623;0.06129999831318855;0.061400000005960464;0.05660000070929527;0.06129999831318855;0.06030000001192093;0.06260000169277191;0.06279999762773514;-0.09467732906341553;0.04115227237343788;0.11354734748601913;-0.02222863771021366;-0.08141592144966125;-0.11354734748601913;-0.178571417927742;-0.1607000082731247;11082088947296100;0;Perairan;Non_Lamun
6007;53;70;Kanan_Bawah;0.09989999979734421;0.0877000018954277;0.08020000159740448;0.0786999985575676;0.08209999650716782;0.07169999927282333;0.07069999724626541;0.06239999830722809;0.07209999859333038;0.06480000168085098;0.07739999890327454;0.06939999759197235;-0.0766073614358902;0.03041584976017475;0.09309965372085571;-0.023321956396102905;-0.06363634020090103;-0.09309965372085571;-0.15360499918460846;-0.18812501430511475;11022305488586400;0;Perairan;Non_Lamun
951;8;54;Lainnya;0.19539999961853027;0.311599999666214;0.35760000348091125;0.2531999945640564;0.23499999940395355;0.1476999968290329;0.1453000009059906;0.12960000336170197;0.1436000019311905;0.1873999983072281;0.11569999903440475;0.07769999653100967;-0.3193313181400299;0.4528365135192871;0.4539202153682709;-0.654541552066803;-0.18818315863609314;-0.4539202153682709;-0.44655492901802063;0.6282250285148621;0.8763144612312317;0;Pasir;Non_Lamun
3925;35;4;Lainnya;0.12150000035762787;0.1876000016927719;0.21979999542236328;0.13379999995231628;0.1476999968290329;0.1111999973654747;0.11640000343322754;0.09560000151395798;0.11710000038146973;0.16329999268054962;0.10970000177621841;0.07850000262260437;-0.2453545480966568;0.32391050457954407;0.4399099349975586;-0.3478485345840454;-0.13117548823356628;-0.4399099349975586;-0.3905053436756134;0.18365001678466797;0.9027552604675293;0;Pasir;Non_Lamun
1603;14;34;Lainnya;0.2013999968767166;0.3912000060081482;0.46480000019073486;0.5004000067710876;0.4668000042438507;0.3806999921798706;0.39730000495910645;0.5139999985694885;0.36730000376701355;0.2556999921798706;0.20100000500679016;0.14110000431537628;-0.0023130117915570736;0.3482084274291992;-0.03922361508011818;-0.0037322426214814186;-0.0027093938551843166;0.03922361508011818;0.12276102602481842;0.47404995560646057;0.8445864915847778;0;Pasir;Non_Lamun
2706;24;17;Lainnya;0.1770000010728836;0.2919999957084656;0.33320000767707825;0.29100000858306885;0.27219998836517334;0.18369999527931213;0.18729999661445618;0.1907999962568283;0.17960000038146973;0.30889999866485596;0.09269999712705612;0.07199999690055847;-0.248110830783844;0.6490630507469177;0.3648935854434967;-0.2380952090024948;-0.1733381152153015;-0.3648935854434967;-0.2414231151342392;0.6860249638557434;0.868189811706543;0;Pasir;Non_Lamun
3883;34;74;Kanan_Bawah;0.08669999986886978;0.0860000029206276;0.07029999792575836;0.06279999762773514;0.0658000037074089;0.059300001710653305;0.061799999326467514;0.0575999990105629;0.06279999762773514;0.060600001364946365;0.06369999796152115;0.06360000371932983;-0.06802719086408615;0.04016910493373871;0.09929631650447845;-0.019671371206641197;-0.047536734491586685;-0.09929631650447845;-0.21311475336551666;-0.16290001571178436;12191236019134500;0;Perairan;Non_Lamun
6012;53;75;Kanan_Bawah;0.09560000151395798;0.08860000222921371;0.07859999686479568;0.07400000095367432;0.07959999889135361;0.06949999928474426;0.07069999724626541;0.062199998646974564;0.0731000006198883;0.062199998646974564;0.07490000128746033;0.06870000064373016;-0.07746893912553787;0.028058376163244247;0.10554090887308121;-0.029870832338929176;-0.06712063401937485;-0.10554090887308121;-0.15250001847743988;-0.17709997296333313;10872641801834100;0;Perairan;Non_Lamun
3678;32;93;Kanan_Bawah;0.09009999781847;0.08959999680519104;0.07750000059604645;0.0731000006198883;0.07129999995231628;0.06319999694824219;0.06440000236034393;0.06310000270605087;0.06379999965429306;0.06040000170469284;0.06599999964237213;0.06270000338554382;-0.07465720176696777;0.04357418417930603;0.11438596248626709;-0.025713492184877396;-0.05757050961256027;-0.11438596248626709;-0.1867549568414688;-0.15354999899864197;11127451658248900;0;Perairan;Non_Lamun
1867;16;74;Lainnya;0.12229999899864197;0.12060000002384186;0.1324000060558319;0.09600000083446503;0.10019999742507935;0.08110000193119049;0.08449999988079071;0.06599999964237213;0.08820000290870667;0.061500001698732376;0.08110000193119049;0.0794999971985817;-0.1505618393421173;0.2550789713859558;0.33413752913475037;-0.07558623701334;-0.10018106549978256;-0.33413752913475037;-0.2840467095375061;-0.011275021359324455;0.907027006149292;0;Coral;Non_Lamun
4696;41;103;Kanan_Bawah;0.08169999718666077;0.07109999656677246;0.05849999934434891;0.05719999969005585;0.06019999831914902;0.05469999834895134;0.053700000047683716;0.04650000110268593;0.053700000047683716;0.06030000001192093;0.05790000036358833;0.05649999901652336;-0.09428127855062485;0.023579848930239677;0.11428570002317429;-0.0238043125718832;-0.07702019065618515;-0.11428570002317429;-0.20717133581638336;-0.16459999978542328;11653846502304000;0;Perairan;Non_Lamun
4024;35;103;Kanan_Bawah;0.08569999784231186;0.08219999819993973;0.06719999760389328;0.06620000302791595;0.066600002348423;0.05790000036358833;0.06030000001192093;0.0551999993622303;0.06040000170469284;0.06159999966621399;0.06390000134706497;0.06350000202655792;-0.0906095802783966;0.026102615520358086;0.12710388004779816;-0.024444838985800743;-0.0740019679069519;-0.12710388004779816;-0.19634701311588287;-0.18582500517368317;1201834797859190;0;Perairan;Non_Lamun
3315;29;66;Kanan_Bawah;0.10159999877214432;0.10360000282526016;0.0966000035405159;0.08030000329017639;0.08240000158548355;0.07580000162124634;0.08169999718666077;0.07020000368356705;0.08009999990463257;0.06629999727010727;0.07859999686479568;0.07720000296831131;-0.05740182846784592;0.10273976624011993;0.15103791654109955;-0.030994296073913574;-0.04637245088815689;-0.15103791654109955;-0.19217489659786224;-0.157849982380867;1108661413192740;0;Perairan;Non_Lamun
3424;30;63;Kanan_Bawah;0.10480000078678131;0.09920000284910202;0.09480000287294388;0.0812000036239624;0.0835999995470047;0.07660000026226044;0.08169999718666077;0.06780000030994415;0.07970000058412552;0.0658000037074089;0.07970000058412552;0.0771000012755394;-0.06376110017299652;0.11691887676715851;0.152046799659729;-0.026752762496471405;-0.05160549655556679;-0.152046799659729;-0.17468047142028809;-0.11877498775720596;1103299856185910;0;Perairan;Non_Lamun
638;5;77;Lainnya;0.15219999849796295;0.17659999430179596;0.20499999821186066;0.14720000326633453;0.14569999277591705;0.09589999914169312;0.10140000283718109;0.08569999784231186;0.09730000048875809;0.1071000024676323;0.09059999883174896;0.08309999853372574;-0.2688499689102173;0.41092392802238464;0.40090876817703247;-0.2101825326681137;-0.1544209122657776;-0.40090876817703247;-0.34554973244667053;0.1856999695301056;0.8229263424873352;0;Pasir;Non_Lamun
4918;43;101;Kanan_Bawah;0.0803999975323677;0.07400000095367432;0.06340000033378601;0.05920000001788139;0.059300001710653305;0.05420000106096268;0.05389999970793724;0.04910000041127205;0.05350000038743019;0.06080000102519989;0.05719999969005585;0.05820000171661377;-0.08933718502521515;0.024320444092154503;0.12343969196081161;-0.023361720144748688;-0.07334711402654648;-0.12343969196081161;-0.20227457582950592;-0.147599995136261;11455107927322300;0;Perairan;Non_Lamun
3659;32;74;Kanan_Bawah;0.08669999986886978;0.08619999885559082;0.07320000231266022;0.06679999828338623;0.06859999895095825;0.062300000339746475;0.06310000270605087;0.05719999969005585;0.05999999865889549;0.062300000339746475;0.06430000066757202;0.06210000067949295;-0.05689488351345062;0.04150352627038956;0.11179740726947784;-0.019149988889694214;-0.04923597350716591;-0.11179740726947784;-0.19357001781463623;-0.1478249877691269;11617250442504800;0;Perairan;Non_Lamun
6036;53;99;Kanan_Bawah;0.08749999850988388;0.08460000157356262;0.07810000330209732;0.07559999823570251;0.07720000296831131;0.06949999928474426;0.06960000097751617;0.0625;0.07249999791383743;0.06069999933242798;0.07339999824762344;0.06849999725818634;-0.08841465413570404;0.031023135408759117;0.10077516734600067;-0.024544181302189827;-0.06963926553726196;-0.10077516734600067;-0.1428571343421936;-0.17497499287128448;1080971598625180;0;Perairan;Non_Lamun
5343;47;78;Kanan_Bawah;0.09359999746084213;0.0860000029206276;0.07620000094175339;0.06930000334978104;0.08060000091791153;0.06889999657869339;0.07090000063180923;0.06719999760389328;0.07119999825954437;0.06350000202655792;0.07410000264644623;0.07109999656677246;-0.08097366988658905;0.01315787248313427;0.09821940213441849;-0.016762733459472656;-0.05581394582986832;-0.09821940213441849;-0.1267252117395401;-0.18489998579025269;11191710233688300;0;Perairan;Non_Lamun
6037;53;100;Kanan_Bawah;0.08749999850988388;0.09179999679327011;0.07900000363588333;0.07779999822378159;0.07720000296831131;0.06949999928474426;0.06960000097751617;0.06279999762773514;0.07249999791383743;0.06069999933242798;0.07339999824762344;0.06830000132322311;-0.07807808369398117;0.022452497854828835;0.09626272320747375;-0.025079337880015373;-0.061978552490472794;-0.09626272320747375;-0.15315313637256622;-0.16874997317790985;1109243631362910;0;Perairan;Non_Lamun
3447;30;86;Kanan_Bawah;0.09030000120401382;0.08420000225305557;0.0722000002861023;0.06880000233650208;0.06800000369548798;0.06430000066757202;0.06440000236034393;0.05180000141263008;0.06319999694824219;0.06019999831914902;0.06499999761581421;0.06319999694824219;-0.08534622192382812;0.035334181040525436;0.138888880610466;-0.022341374307870865;-0.0574837364256382;-0.138888880610466;-0.24981896579265594;-0.1636749804019928;11789617538452100;0;Perairan;Non_Lamun
3784;33;87;Kanan_Bawah;0.09030000120401382;0.08720000088214874;0.07320000231266022;0.06880000233650208;0.06949999928474426;0.061900001019239426;0.0625;0.0575999990105629;0.061400000005960464;0.06030000001192093;0.06419999897480011;0.06400000303983688;-0.0946698784828186;0.024415571242570877;0.11042473465204239;-0.023936819285154343;-0.07372988760471344;-0.11042473465204239;-0.2033194899559021;-0.15182501077651978;11752021312713600;0;Perairan;Non_Lamun
4662;41;69;Kanan_Bawah;0.08060000091791153;0.07779999822378159;0.06080000102519989;0.06199999898672104;0.06469999998807907;0.05640000104904175;0.0568000003695488;0.05009999871253967;0.0560000017285347;0.05660000070929527;0.05939999967813492;0.05999999865889549;-0.08095237612724304;0.04318084567785263;0.09803920239210129;-0.02341311052441597;-0.06752412021160126;-0.09803920239210129;-0.17064546048641205;-0.17192499339580536;11508620977401700;0;Perairan;Non_Lamun
636;5;75;Lainnya;0.15219999849796295;0.17159999907016754;0.2093999981880188;0.14159999787807465;0.14550000429153442;0.094200000166893;0.1005999967455864;0.08139999955892563;0.09709999710321426;0.1071000024676323;0.09070000052452087;0.08330000191926956;-0.24884790182113647;0.3946053981781006;0.4403669536113739;-0.2067050337791443;-0.14255093038082123;-0.4403669536113739;-0.38087520003318787;0.22264999151229858;0.8402366638183594;0;Pasir;Non_Lamun
4889;43;72;Kanan_Bawah;0.08060000091791153;0.07410000264644623;0.06300000101327896;0.05959999933838844;0.06319999694824219;0.0560000017285347;0.05609999969601631;0.04879999905824661;0.0560000017285347;0.05660000070929527;0.05979999899864197;0.058800000697374344;-0.08536585420370102;0.04143336042761803;0.1261352151632309;-0.026229696348309517;-0.0629139170050621;-0.1261352151632309;-0.185324564576149;-0.16339999437332153;1085714340209960;0;Perairan;Non_Lamun
6142;54;93;Kanan_Bawah;0.09049999713897705;0.08079999685287476;0.0689999982714653;0.06780000030994415;0.07540000230073929;0.06629999727010727;0.06989999860525131;0.0568000003695488;0.066600002348423;0.05820000171661377;0.07109999656677246;0.06589999794960022;-0.062499985098838806;0.024307508021593094;0.1026856005191803;-0.025657830759882927;-0.051282044500112534;-0.1026856005191803;-0.13723218441009521;-0.2063249796628952;11156070232391300;0;Perairan;Non_Lamun
